risk_label,correct,partial,incorrect,total,error_count,error_rate,correct_pct,partial_pct,incorrect_pct
high_support_not_auto_accept,74,56,21,151,77,0.5099337748344371,0.4900662251655629,0.3708609271523179,0.1390728476821192
intermediate_support,40,14,18,72,32,0.4444444444444444,0.5555555555555556,0.19444444444444445,0.25
review_priority,88,117,96,301,213,0.707641196013289,0.292358803986711,0.38870431893687707,0.31893687707641194
